Team,Collaborates With,Stakeholders,Components
Nutrition Features Development Team,"QA Team, Backend Team, UI/UX Design Team, AI/ML Team","Fitness Trainers, Users, Dietitians","Dietary Filters, Recipe Database, Recommendation Algorithm"
Voice Command & Accessibility Team,"UI/UX Design Team, Backend Team, QA Team, AI/ML Team","Product Managers, Fitness Trainers, Users","Backend Data Retrieval, Voice Command Recognition System, User Interface"
AI & Fitness Team,"Virtual Experience Team, Backend Team, UI/UX Design Team","Product Managers, Fitness Trainers, Users","Health Data Processing Engine, VR Hardware Integration System, Data Storage Infrastructure"
Multiplayer & Social Team,"Backend Team, QA Team, UI/UX Design Team","Product Managers, Fitness Trainers, Users","Leaderboard System, User Interface, Matchmaking System, Backend Infrastructure"
Virtual Experience Team,"Backend Team, UI/UX Design Team, Audio Design Team, 3D Modeling Team, QA Team","Product Managers, Fitness Trainers, Users","User Preferences Storage, VR Navigation System, Audio System, 3D Rendering Engine"
QA Team,"3D Modeling Team, AI & Fitness Team, AI/ML Team, Audio Design Team, Backend Team, Multiplayer & Social Team, Nutrition Features Development Team, QA Team, UI/UX Design Team, Virtual Experience Team, Voice Command & Accessibility Team","Fitness Trainers, Product Managers, Users, Dietitians","Recommendation Algorithm, Backend Data Retrieval, Data Storage Infrastructure, 3D Rendering Engine, Backend Infrastructure, User Preferences Storage, VR Hardware Integration System, Recipe Database, Dietary Filters, Leaderboard System, Matchmaking System, User Interface, Voice Command Recognition System, Health Data Processing Engine, VR Navigation System, Audio System"
Audio Design Team,"3D Modeling Team, AI & Fitness Team, AI/ML Team, Audio Design Team, Backend Team, Multiplayer & Social Team, Nutrition Features Development Team, QA Team, UI/UX Design Team, Virtual Experience Team, Voice Command & Accessibility Team","Fitness Trainers, Product Managers, Users, Dietitians","Recommendation Algorithm, Backend Data Retrieval, Data Storage Infrastructure, 3D Rendering Engine, Backend Infrastructure, User Preferences Storage, VR Hardware Integration System, Recipe Database, Dietary Filters, Leaderboard System, Matchmaking System, User Interface, Voice Command Recognition System, Health Data Processing Engine, VR Navigation System, Audio System"
Backend Team,"3D Modeling Team, AI & Fitness Team, AI/ML Team, Audio Design Team, Backend Team, Multiplayer & Social Team, Nutrition Features Development Team, QA Team, UI/UX Design Team, Virtual Experience Team, Voice Command & Accessibility Team","Fitness Trainers, Product Managers, Users, Dietitians","Recommendation Algorithm, Backend Data Retrieval, Data Storage Infrastructure, 3D Rendering Engine, Backend Infrastructure, User Preferences Storage, VR Hardware Integration System, Recipe Database, Dietary Filters, Leaderboard System, Matchmaking System, User Interface, Voice Command Recognition System, Health Data Processing Engine, VR Navigation System, Audio System"
UI/UX Design Team,"3D Modeling Team, AI & Fitness Team, AI/ML Team, Audio Design Team, Backend Team, Multiplayer & Social Team, Nutrition Features Development Team, QA Team, UI/UX Design Team, Virtual Experience Team, Voice Command & Accessibility Team","Fitness Trainers, Product Managers, Users, Dietitians","Recommendation Algorithm, Backend Data Retrieval, Data Storage Infrastructure, 3D Rendering Engine, Backend Infrastructure, User Preferences Storage, VR Hardware Integration System, Recipe Database, Dietary Filters, Leaderboard System, Matchmaking System, User Interface, Voice Command Recognition System, Health Data Processing Engine, VR Navigation System, Audio System"
AI/ML Team,"3D Modeling Team, AI & Fitness Team, AI/ML Team, Audio Design Team, Backend Team, Multiplayer & Social Team, Nutrition Features Development Team, QA Team, UI/UX Design Team, Virtual Experience Team, Voice Command & Accessibility Team","Fitness Trainers, Product Managers, Users, Dietitians","Recommendation Algorithm, Backend Data Retrieval, Data Storage Infrastructure, 3D Rendering Engine, Backend Infrastructure, User Preferences Storage, VR Hardware Integration System, Recipe Database, Dietary Filters, Leaderboard System, Matchmaking System, User Interface, Voice Command Recognition System, Health Data Processing Engine, VR Navigation System, Audio System"
3D Modeling Team,"3D Modeling Team, AI & Fitness Team, AI/ML Team, Audio Design Team, Backend Team, Multiplayer & Social Team, Nutrition Features Development Team, QA Team, UI/UX Design Team, Virtual Experience Team, Voice Command & Accessibility Team","Fitness Trainers, Product Managers, Users, Dietitians","Recommendation Algorithm, Backend Data Retrieval, Data Storage Infrastructure, 3D Rendering Engine, Backend Infrastructure, User Preferences Storage, VR Hardware Integration System, Recipe Database, Dietary Filters, Leaderboard System, Matchmaking System, User Interface, Voice Command Recognition System, Health Data Processing Engine, VR Navigation System, Audio System"
